page_id,TextEdit,GCER,WER
Yiddish-English/page_1,0.241406,0.285333,0.368304
Yiddish-English/page_2,0.559106,0.664865,0.666016
Yiddish-English/page_41,0.661307,1.10235,1.157895
__aggregate__,0.522406,0.704032,0.718433
