page_id,TextEdit,GCER,WER
Assyrian-English/page_352,0.496884,0.526734,0.649123
Assyrian-English/page_39,0.560181,0.739398,0.940741
Assyrian-English/page_842,0.431833,0.429091,0.409207
Yiddish-English/page_1,0.259523,0.311556,0.395089
Yiddish-English/page_2,0.01635,0.015495,0.054688
Yiddish-English/page_41,0.648169,1.096737,1.174641
__aggregate__,0.395873,0.507163,0.561526
