page_id,TextEdit,GCER,WER
Yiddish-English/page_1,0.258482,0.368889,0.477679
Yiddish-English/page_2,0.486102,0.649262,0.642578
Yiddish-English/page_41,0.326058,0.389747,0.456938
__aggregate__,0.36837,0.477474,0.532656
