page_id,TextEdit,GCER,WER
Yiddish-English/page_1,0.060518,0.060889,0.100446
Yiddish-English/page_2,0.067591,0.042883,0.074219
Yiddish-English/page_41,0.657363,1.09818,1.157895
__aggregate__,0.328134,0.411458,0.411466
