page_id,TextEdit,GCER,WER
Assyrian-English/page_352,0.502066,0.523199,0.656642
Assyrian-English/page_39,0.569479,0.699447,0.855556
Assyrian-English/page_842,0.438764,0.450455,0.782609
Yiddish-English/page_1,0.452111,0.712766,0.776786
Yiddish-English/page_2,0.117518,0.105946,0.183594
Yiddish-English/page_41,0.655693,1.089083,1.15311
__aggregate__,0.456499,0.587833,0.706727
