page_id,TextEdit,GCER,WER
Yiddish-English/page_1,0.272945,0.382667,0.46875
Yiddish-English/page_2,0.622287,1.051134,1.009766
Yiddish-English/page_41,0.33238,0.391861,0.461722
__aggregate__,0.435414,0.627522,0.667634
