page_id,TextEdit,GCER,WER
Chepang-English/page_103,0.006273,0.006709,0.017157
Chepang-English/page_304,0.001806,0.000751,0.004556
Chepang-English/page_37,0.012947,0.016863,0.022113
__aggregate__,0.007034,0.008002,0.014354
