page_id,TextEdit,GCER,WER
Assyrian-English/page_352,0.505489,0.431728,0.471178
Assyrian-English/page_39,0.580259,0.708052,0.859259
Assyrian-English/page_842,0.458319,0.451818,0.508951
Yiddish-English/page_1,0.686049,0.719894,0.801339
Yiddish-English/page_2,0.806176,1.132927,1.224609
Yiddish-English/page_41,0.745528,1.244301,1.26555
__aggregate__,0.685788,0.812192,0.875308
