page_id,TextEdit,GCER,WER
Tiri-English/page_15,0.00478,0.006118,0.034615
Tiri-English/page_56,0.030944,0.016807,0.080838
Tiri-English/page_66,0.001972,0.002155,0.011396
__aggregate__,0.013029,0.008412,0.042328
